"March 3, 2021",https://www.alomoves.com/series/yoga-for-life/workouts/6348,Y,
"March 4, 2021",https://www.alomoves.com/series/yoga-for-life/workouts/6346,,
"March 5, 2021",https://www.alomoves.com/series/yoga-for-life/workouts/6343,,
"March 6, 2021","https://www.alomoves.com/series/yoga-for-life/workouts/6347
https://www.alomoves.com/series/yoga-for-life/workouts/6344",Y,
"March 7, 2021",https://www.alomoves.com/series/energizing-vinyasa/workouts/7074,,
"March 8, 2021",https://www.alomoves.com/series/yoga-for-beginners/workouts/11456,Y,basics
"March 9, 2021",https://www.alomoves.com/series/strength-elevation-flows/workouts/7792,Y,"legs, balance, simple"
"March 10, 2021",https://www.alomoves.com/series/strength-elevation-flows/workouts/7793,Y,WOWOW inversion class <<< i fucking love this class
"March 11, 2021","intuitive movement, 4 sun salutations
https://www.alomoves.com/series/the-method-inversions/workouts/11306",,excellent headstand instructional. NOT a fun or repeatable flow
"March 12, 2021","intuitive movement, 4 sun salutations",,
"March 13, 2021",https://www.alomoves.com/series/flow-state/workouts/11610,Y,
"March 14, 2021",1 sun salutation,,
"March 15, 2021","intuitive movement, 1 sun salutation",,
"March 16, 2021","https://www.alomoves.com/series/detoxifying-stretch/workouts/12486
headstand practice
https://www.alomoves.com/series/nighttime-relaxation-flow/workouts/12549
headstand practice",Y,short hips and back body stretches. excellent.
"March 17, 2021","https://www.alomoves.com/series/handstand-flow/workouts/9669
https://www.alomoves.com/series/detoxifying-stretch/workouts/12486",Y,"excellent, gentle handstand flow with lower body stretches"
"March 18, 2021","self-led detoxifying lower back, hip and hamstring stretches + handstand flow",,
"March 19, 2021",https://www.alomoves.com/series/strength-elevation-flows/workouts/7791,Y,v hard strength inversion class
"March 20, 2021","aries playlist
https://www.alomoves.com/series/open-and-grateful-mind/workouts/11427
https://www.alomoves.com/series/elevate-strength-training/workouts/12045
https://www.alomoves.com/series/heart-opening-vinyasa-flow/workouts/10867
https://www.alomoves.com/series/deepen-your-backbends/workouts/12269
https://www.alomoves.com/series/morning-ritual-daily-meditations/workouts/12219",,"easy & brief physcial practices
mostly meditation practices
off aries playlist"
"March 21, 2021","108 sun salutations : equinox ritual w/ oriane
oriane’s vinyasa class",Y,
"March 22, 2021","https://www.alomoves.com/series/remedy/workouts/10341
https://www.alomoves.com/series/strength-elevation-flows/workouts/7793",,
"March 23, 2021",https://www.alomoves.com/series/strength-elevation-flows/workouts/7789,,v hard core / stability class
"March 24, 2021","self-led flexibility and handstand flow
https://www.alomoves.com/series/handstand-flow/workouts/9669",,
"March 25, 2021",sun salutes,,
"March 26, 2021","sun salutes, self led stretching",,
"March 27, 2021",sun salutes,,
"March 28, 2021",sun salutes,,
"March 29, 2021","sun salutes, stretching",,
"March 30, 2021","self led stretch & handstand practice
https://www.alomoves.com/series/poetry-in-motion/workouts/10589",,still love this poetry in motion class. a real unfunker
"March 31, 2021",https://www.alomoves.com/series/melt-shoulders-and-hips/workouts/10029,Y,"nice chill meditative class, maybe for before bed"
"April 1, 2021",self-led flexibility and handstand flow,,
"April 2, 2021",self-led flexibility and handstand flow,,
"April 3, 2021",floor sitting and stretching,,
"April 4, 2021",floor sitting and stretching,,
"April 5, 2021","https://www.alomoves.com/series/beginner-ashtanga/workouts/8502
https://www.alomoves.com/series/beginner-ashtanga/workouts/8511
https://www.alomoves.com/series/beginner-ashtanga/workouts/8505",Y,beginner ashtanga classes. love the daily flexibility practice and the segmented standing sequence.
"April 6, 2021","https://www.alomoves.com/series/ashtanga-remix/workouts/9656
https://www.alomoves.com/series/ashtanga-remix/workouts/9657",,
"April 7, 2021","https://www.alomoves.com/series/awaken-your-practice/workouts/11812
https://www.alomoves.com/series/journey-to-handstand/workouts/9310",Y,love this 30min handstand practice
"April 8, 2021",https://www.alomoves.com/series/journey-to-handstand/workouts/9310,,
"April 9, 2021","self led sunA, sunB, hip stretches, handstand flow and headstand practice",,
"April 10, 2021",https://www.alomoves.com/series/journey-to-handstand/workouts/9310,,
"April 11, 2021",,,
"April 12, 2021","https://www.alomoves.com/series/deepen-your-backbends/workouts/12273
https://www.alomoves.com/series/theflowlife/workouts/5786","Y
Y","need to do more kayla nielsen classes. these challenge me.
interesting flow leads to headstand"
"April 13, 2021","https://www.alomoves.com/series/theflowlife/workouts/5857
self led stretches and handstands",,
"April 14, 2021",https://www.alomoves.com/series/flight/workouts/8859,,
"April 15, 2021","https://www.alomoves.com/series/elasticity-fascial-conditioning/workouts/8266
self-led handstand + headstand flow",Y,terrifying how good i feel after this class
"April 16, 2021",down dogs,,
"April 17, 2021","down dogs, handstands",,
"April 18, 2021",rock yoga joshua tree,,
"April 19, 2021","https://www.alomoves.com/series/elasticity-fascial-conditioning/workouts/8267
https://www.alomoves.com/series/handstand-flow/workouts/9669",,D1
"April 20, 2021","https://www.alomoves.com/series/remedy/workouts/10341
https://www.alomoves.com/series/elasticity-fascial-conditioning/workouts/8266
self guided handstand and backbend flow",,D2
"April 21, 2021","https://www.alomoves.com/series/elasticity-fascial-conditioning/workouts/8264
self guided handstand and backbend flow",,D3
"April 22, 2021","https://www.alomoves.com/series/elasticity-fascial-conditioning/workouts/8265
self guided handstand and backbend flow",,D4
"April 23, 2021","https://www.alomoves.com/series/elasticity-fascial-conditioning/workouts/8262
self guided handstand and backbend flow",,D5
"April 24, 2021",,,
"April 25, 2021",,,
"April 26, 2021","self led sun salutations, handstand and backbend sequence w/ Skylar
plasticity : superficial front line & deep front arm lines",,D7
"April 27, 2021","https://www.alomoves.com/series/circular-mobility-rx/workouts/9577
plasticity : superficial back line & deep back arm lines

https://www.alomoves.com/series/handstand-flow/workouts/9669",,D8
"April 28, 2021","plasticity : lateral lines & superficial arm lines

https://www.alomoves.com/series/power-yoga-flow/workouts/9671","YY
Y",D9 !!!! THIS lateral lines and superficial arm lines class is just fucking amazing
"April 29, 2021","plasticity : spiral lines & functional lines

https://www.alomoves.com/series/the-power-of-yoga/workouts/9205","YY
Y","D10 !!!! THIS shit fucks
this is a haaaard fucking handstand classs… ashtanga primary series standing sequence with a handstand at every posture"
"April 30, 2021","plasticity : deep front line

self led handstand flow
https://www.alomoves.com/series/smarter-hips/workouts/10525
https://www.alomoves.com/series/true-flexibility/workouts/4167","Y
Y","D11 << v hard deep front line stretching class


very solid hip mobility class
another solid hip mobility class"
"May 1, 2021","https://www.alomoves.com/series/the-method-backbending/workouts/9926
https://www.alomoves.com/series/posture-clinic-scorpion-pose/workouts/10677
https://www.alomoves.com/series/power-yoga-flow/workouts/9671",Y,"daaaamn backbend class
daaaamn scorpion technique"
"May 2, 2021","elasticity : superficial front line & superficial arm lines

self-led squat work, sunnies, inversions and backbends flow",,D13
"May 3, 2021",elasticity : superficial back line,,
"May 4, 2021","elasticity : lateral lines & deep arm lines

https://www.alomoves.com/series/flow-state/workouts/11609
hip yin",,
"May 5, 2021",elasticity : spiral lines & functional lines,,
"May 6, 2021","elasticity : deep front line

https://www.alomoves.com/series/float-lab/workouts/11058
inversions in flow",Y,"D17
crazy patrick float class"
"May 7, 2021","https://www.alomoves.com/series/the-7-chakras/workouts/11029
https://www.alomoves.com/series/handstand-flow/workouts/9669
https://www.alomoves.com/series/surrender/workouts/10848",,
"May 8, 2021","plasticity : superficial front line & deep front arm lines

https://www.alomoves.com/series/full-spectrum-flow/workouts/10735
https://www.alomoves.com/series/strength-elevation-flows/workouts/7793 !!!!!!!!!!!!",,D19
"May 9, 2021",simple airport + airplane stretches,,
"May 10, 2021","plasticity : superficial back line & deep back arm lines

https://www.alomoves.com/series/handstand-flow/workouts/9669",,
"May 11, 2021",plasticity : lateral lines & superficial arm lines,,
"May 12, 2021","plasticity : spiral lines & functional lines

https://www.alomoves.com/series/release-tension/workouts/9448",,
"May 13, 2021","plasticity : deep front line

https://www.alomoves.com/series/handstand-flow/workouts/9669",,D23
"May 14, 2021",,,
"May 15, 2021","elasticity : superficial front line & superficial arm lines

https://www.alomoves.com/series/handstand-flow/workouts/9669
https://www.alomoves.com/series/unbound-hips/workouts/10946",,D25
"May 16, 2021","elasticity : superficial back line

https://www.alomoves.com/series/alo-in-the-wild-big-sur/workouts/12645
self led inversion flow",,
"May 17, 2021",https://www.alomoves.com/series/flow-state/workouts/11608,,
"May 18, 2021","elasticity : lateral lines & deep arm lines

https://www.alomoves.com/series/flying-vinyasa/workouts/9377",,<< v intense handstand and arm balance flow
"May 19, 2021",elasticity : spiral lines & functional lines,,
"May 20, 2021",https://www.alomoves.com/series/handstand-flow/workouts/9669,,
"May 21, 2021","elasticity : deep front line

https://www.alomoves.com/series/alo-in-the-wild-baja/workouts/12677",,D29
"May 22, 2021","plasticity : superficial front line & deep front arm lines

https://www.alomoves.com/series/the-sequence-classes/workouts/4741",Y,"D31
<< fantastic flying crow class w/ Bry"
"May 23, 2021","plasticity : superficial back line & deep back arm lines

https://www.alomoves.com/series/the-sequence-classes/workouts/4741",,
"May 24, 2021","plasticity : lateral lines & superficial arm lines

https://www.alomoves.com/series/handstand-flow/workouts/9669",Y,"<< so much great lower back, glute, hip, tfl & it band work here"
"May 25, 2021","plasticity : spiral lines & functional lines

https://www.alomoves.com/series/handstand-flow/workouts/9669",Y,<< incredible subtle spiral lines work
"May 26, 2021",1x sun salutation,,
"May 27, 2021",plasticity : deep front line,Y,D35 << HARD
"May 28, 2021",elasticity : superficial front line & superficial arm lines,,D37<< backbend stuff at the end i found challenging
"May 29, 2021",1x sun salutation,,
"May 30, 2021",,,
"May 31, 2021",1x sun salutation,,
"June 1, 2021","elasticity : superficial back line

https://www.alomoves.com/series/handstand-flow/workouts/9669",,
"June 2, 2021","elasticity : lateral lines & deep arm lines

https://www.alomoves.com/series/handstand-flow/workouts/9669",,
"June 3, 2021","self led flow
https://www.alomoves.com/series/loving-spoonfuls/workouts/6709
self led flow",Y,<<< currie in a hurry class great quick spine looening and side plank work… perf example of currie’s style
"June 4, 2021",1x sun salutation,,
"June 5, 2021",1x sun salutation,,
"June 6, 2021",free flow,,
"June 7, 2021","free flow
https://www.alomoves.com/series/handstand-flow/workouts/9669",,
"June 8, 2021","free flow (10 mins)
free flow (10 mins)",,
"June 9, 2021",,,
"June 10, 2021",https://www.alomoves.com/series/poetry-in-motion/workouts/10589?type=playlist&uuid=084f96ed-b440-48ca-93c6-bb3018120c51,,
"June 11, 2021",,,
"June 12, 2021",,,
"June 13, 2021","8x sun salutations free flow
https://www.alomoves.com/series/surrender/workouts/10850",,
"June 14, 2021",8x sun salutations free flow,,
"June 15, 2021",8x sun salutations free flow,,
"June 16, 2021",8x sun salutations free flow,,
"June 17, 2021",8x sun salutations free flow,,
"June 18, 2021",,,
"June 19, 2021",,,
"June 20, 2021",108 sun salutations — solstice ritual,,
"June 21, 2021",https://www.alomoves.com/series/tension-release/workouts/12580,Y,<< nice relaxation stretch class
"June 22, 2021","https://www.alomoves.com/series/marinate/workouts/6933
https://www.alomoves.com/series/soothing-stretch/workouts/12628
8x sun salutations free flow","Y
Y","<< megan currie short simple hip yin
<< soothing front body, diose body, shoulder stretch … mellow"
"June 23, 2021","8x sun salutations free flow
https://www.alomoves.com/series/full-moon-flow/workouts/11039
https://www.alomoves.com/series/handstand-flow/workouts/9669
https://www.alomoves.com/series/detoxifying-stretch/workouts/12486","Y


Y","<< great simple heart opening flow — great half moon


<< love this detox yin session for hips and lower back"
"June 24, 2021","https://www.alomoves.com/series/full-moon-flow/workouts/11039
8x sun salutations free flow",,
"June 25, 2021","8x sun salutations free flow
https://www.alomoves.com/series/flow-state/workouts/11610",Y,<<< OMG i LOVE this patty beach inversion flow
"June 26, 2021","4x sun salutations free flow
https://www.alomoves.com/series/flow-state/workouts/11610 (1/3 of this class)",,
"June 27, 2021",,,
"June 28, 2021","8x sun salutations free flow
y7 class",,<<< live in person in studio with other humans OMG great
"June 29, 2021","8x sun salutations free flow
y7 class",,
"June 30, 2021","8x sun salutations free flow
y7 class",,
"July 1, 2021",https://www.alomoves.com/series/pure-flexibility-flows/workouts/7633,Y,<<< solid flexibility oriented flow. def flowy but not too intense. i feel like im often looking for less taxing flexibility flows like this and cant find them. remember this ashley class.
"July 2, 2021","2x sun salutations free flow
https://www.alomoves.com/series/power-yoga-flow/workouts/9671",,
"July 3, 2021","https://www.alomoves.com/series/flow-state/workouts/11610
8x sun salutation free flow
https://www.alomoves.com/series/soothing-stretch/workouts/12628",,
"July 4, 2021","4x sun salutations free flow
handstand free flow",,
"July 5, 2021","8x sun salutations free flow
handstands free flow
https://www.alomoves.com/series/restorative-reset/workouts/9396",,
"July 6, 2021","warmup and inversion free flow
https://www.alomoves.com/series/marinate/workouts/6932",,
"July 7, 2021","8x sun salutations free flow
y7 class
https://www.alomoves.com/series/awaken-your-practice/workouts/12243
https://www.alomoves.com/series/chill/workouts/10444","Y
Y","<< patty inversion flow with revolved warrior 3
<< chiiiil mc yogi stretch"
"July 8, 2021","y7 class
long inversion free flow
https://www.alomoves.com/series/seven/workouts/10285",,
"July 9, 2021","8x sun salutations free flow
long inversion free flow
https://www.alomoves.com/series/simple-mobility/workouts/9419",Y,<< solid solid patrick beach hip mobility and flexibility
"July 10, 2021",1x sun salutation,,
"July 11, 2021",2x sun salutations,,
"July 12, 2021",https://www.alomoves.com/series/yoga-for-beginners/workouts/11459,,
"July 13, 2021","https://www.alomoves.com/series/yoga-for-beginners/workouts/11459
https://www.alomoves.com/series/yoga-for-beginners/workouts/11457
8x sun salutations free flow
https://www.alomoves.com/series/posture-clinic-pigeon-pose/workouts/11596
https://www.alomoves.com/series/alo-in-the-wild-new-york/workouts/12899
https://www.alomoves.com/series/healthy-hips-and-hamstrings/workouts/11366","Y




Y","<< simple, lovely beginner asanas w patty




<< Elanora king pigeon clinic bangs"
"July 14, 2021","8x sun salutation + inversion free flow
https://www.alomoves.com/series/headstand-pose/workouts/11677
https://www.alomoves.com/series/the-7-chakras/workouts/11027
https://www.alomoves.com/series/essential-yoga-poses/workouts/11069
https://www.alomoves.com/series/alo-in-the-wild-montenegro/workouts/12823",,
"July 15, 2021","https://www.alomoves.com/series/float-lab/workouts/11058
https://www.alomoves.com/series/flow-state/workouts/11609
https://www.alomoves.com/series/alo-in-the-wild-red-rocks/workouts/12574
https://www.alomoves.com/series/alo-in-the-wild-new-york/workouts/12908","Y


Y","<< pattys crossover class… i always love love love this one


<< bad teacher. interesting compass pose workshop"
"July 16, 2021",8x sun salutations free flow,,
"July 17, 2021","https://www.alomoves.com/series/standing-sun-salutation/workouts/11663
https://www.alomoves.com/series/elasticity-fascial-conditioning/workouts/8266
https://www.alomoves.com/series/plasticity-fascial-stretching/workouts/8306
https://www.alomoves.com/series/alo-in-the-wild-new-york/workouts/12908
https://www.alomoves.com/series/strong-steady/workouts/5026
https://www.alomoves.com/series/flow-state/workouts/11609
https://www.alomoves.com/series/smooth-free/workouts/4911",,this entire stack is a fantastic light restorative day
"July 18, 2021",8x sun salutation free flow w/ headstand,,
"July 19, 2021","8x sun salutation free flow w/ headstand
inversion free flow w/ headstand",,
"July 20, 2021","8x sun salutation free flow w/ headstand
https://www.alomoves.com/series/flow-state/workouts/11609",,
"July 21, 2021","https://www.alomoves.com/series/handstand-flow/workouts/9669
headstand",,
"July 22, 2021",8x sun salutations free flow w/ additional stretching and headstand,,
"July 23, 2021","8x sun salutations free flow w/ headstand
https://www.alomoves.com/series/flow-state/workouts/11609
https://www.alomoves.com/series/posture-clinic-pigeon-pose/workouts/11596",,
"July 24, 2021",,,
"July 25, 2021",4x sun salutations free flow,,
"July 26, 2021","8x sun salutations free flow w/ stretching
https://www.alomoves.com/series/flow-state/workouts/11609",,
"July 27, 2021",https://www.alomoves.com/series/yoga-for-life/workouts/6344,,
"July 28, 2021",8x sun salutations free flow w/ inversions and headstand,,
"July 29, 2021","8x sun salutations w/ stretches, inversions and headstand
https://www.alomoves.com/series/awaken-your-practice/workouts/12243",,
"July 30, 2021",8x sun salutations free flow w/ headstand,,
"July 31, 2021",https://www.alomoves.com/series/yoga-for-life/workouts/6344,,
"August 1, 2021","8x sun salutations free flow w/ stretching, inversions and handstands",,
"August 2, 2021","8x sun salutations free flow w/ stretching, inversions and handstands",,
"August 3, 2021","3x sun salutations free flow w/ stretching, inversions and handstands",,
"August 4, 2021",1x sun salutation,,
"August 5, 2021","8x sun salutation free flow w/ headstand
Naya’s afternoon energize flow [link here-missing]",,
"August 6, 2021","8x sun salutations free flow w/ stretching and headstand
inversion free flow",,
"August 7, 2021",8x sun salutation free flow w/ stretching inversions and headstand,,
"August 8, 2021",4x sun salutaion free flow,,
"August 9, 2021",https://www.alomoves.com/series/glow-getter/workouts/10741,,
"August 10, 2021","1x sun salutation w/ stretching and headstand
https://www.alomoves.com/series/power10/workouts/6247
8x sun salutation free flow w/ headstand",,
"August 11, 2021",https://www.alomoves.com/series/glow-getter/workouts/10743,,
"August 12, 2021",8x sun salutation free flow w/ stretches and headstand,,
"August 13, 2021",https://www.alomoves.com/series/glow-getter/workouts/10737,,
"August 14, 2021",https://www.alomoves.com/series/glow-getter/workouts/10741,,
"August 15, 2021",8x sun salutation free flow w/ stretches and headstand,,
"August 16, 2021","https://www.alomoves.com/series/glow-getter/workouts/10742
https://www.alomoves.com/series/glow-getter/workouts/10741",,
"August 17, 2021",https://www.alomoves.com/series/glow-getter/workouts/10737,,
"August 18, 2021",4x sun salutation free flow,,
"August 19, 2021",https://www.alomoves.com/series/flow-state/workouts/11609,,
"August 20, 2021",,,
"August 21, 2021",1 sun salutation,,
"August 22, 2021",2 sun salutations,,
"August 23, 2021","3 sun salutations
8 sun salutation free flow w/ stretches, inversions and headstands",,
"August 24, 2021",4 sun salutation free flow,,
"August 25, 2021",4 sun salutation free flow,,
"August 36, 2021",4 sun salutation free flow,,
"August 37, 2021",1 sun salutation,,
"August 28, 2021",16 sun salutation free flow w/ stretches + inversions + headstand,,
"August 39, 2021",4 sun salutations,,
"August 30, 2021","4 sun salutations
4 sun salutation free flow w/ inversions + headstand",,
"August 31, 2021","1 sun salutation
4 sun salutations",,
"September 1, 2021",1 sun salutation,,
"September 3, 2021","1 sun salutation
4 sun salutations",,
"September 3, 2021","https://www.alomoves.com/series/standing-sun-salutation/workouts/11663
https://www.alomoves.com/series/transformative-alignment/workouts/8647
https://www.alomoves.com/series/yoga-for-beginners/workouts/11454
https://www.alomoves.com/series/yoga-strength-basics-for-beginners/workouts/4430",Y,<< dylan simple mobility class focuses on standing up from and sitting down on the ground without using hands. this is an everyday kinda thing
"September 4, 2021","2x surya namskara c, 2x surya namskara b, 2x surya namskara a",,
"September 5, 2021","https://www.alomoves.com/series/feel-good-flows/workouts/11088
https://www.alomoves.com/series/morning-yoga-for-beginners/workouts/8715
https://www.alomoves.com/series/yoga-strength-basics-for-beginners/workouts/4430
https://www.alomoves.com/series/yoga-stretches-for-beginners/workouts/8836",,
"September 6, 2021","4x sun salutations
https://www.alomoves.com/series/yoga-for-beginners/workouts/11453",,
"September 7, 2021","8x sun salutation free flow w/ stretching, inversions, headstand, floor seat to stand no hands mobility",,
"September 8, 2021","8x sun salutation free flow w/ stretching, inversions, headstand",,
"September 9, 2021","8x sun salutation free flow w/ stretching, inversions, headstand",,
"September 10, 2021","1x sun salutation
4x sun salutations",,
"September 11, 2021","16x sun salutation free flow w/ stretching, inversions, headstand",,
"September 12, 2021","8x sun salutation free flow w/ stretching, inversions, headstand",,
"September 13, 2021","12x sun salutation free flow w/ stretching, inversions, headstands
https://www.alomoves.com/series/yoga-for-beginners/workouts/11459

https://www.alomoves.com/series/yoga-for-beginners/workouts/11460

cow face pose

https://blog.alomoves.com/movement/how-to-do-cow-face-pose-yoga-tutorial

https://www.alomoves.com/series/cow-face-pose/workouts/11720

bent-leg supine twist

2 min hold per side

straight-leg suppine twise

2 min hold per side

scorpion

2 min hold per side

12x reps per side

2 min hold per side",,
"September 14, 2021","8x sun salutation free flow w/ stretching, inversions, headstand
https://www.alomoves.com/series/yoga-for-low-back-pain/workouts/10953

cow face pose

https://www.alomoves.com/series/cow-face-pose/workouts/11720

bent-leg supine twist

2 min hold per side

straight-leg suppine twise

2 min hold per side

scorpion

2 min hold per side

12x reps per side

2 min hold per side",,
"September 15, 2021","8x sun salutation free flow w/ stretching, inversions, headstands
https://www.alomoves.com/series/autopilot-off/workouts/7121",Y,<< crazy balance leggy twisty sequence as main bit of ths
"September 16, 2021","8x sun salutations free flow w/ stretching, inversions, headstand. more w/ eyes closed today.",,
"September 17, 2021",1x sun salutation,,
"September 18, 2021",https://www.alomoves.com/series/yoga-for-beginners/workouts/11457,,
"September 19, 2021",1x sun salutation,,
"September 20, 2021","8x sun salutation free flow w/ stretches, inversion, headstand
https://www.alomoves.com/series/stretch-and-de-stress/workouts/12886",,
"September 21, 2021","8x sun salutation free flow w/ stretches, inversion, headstand
4x sun salutation free flow w/ stretches, inversion, headstand",,
"September 22, 2021",108x sun salutations,,
"September 23, 2021","4x sun dalutation free flow
4x sun salutations
floor stretching",,
"September 24, 2021",4x sun salutations,,
"September 25, 2021","morning stack
https://www.alomoves.com/series/rise-flow-morning-yoga/workouts/12882

https://amp.mindbodygreen.com/articles/spinal-waves-backbend-flow

https://www.alomoves.com/series/max-core-challenge/workouts/12863

https://www.alomoves.com/series/alo-in-the-wild-new-york/workouts/12907",Y,<< this mind body green spinal wave class hsa some nice circular moves for the back
"September 26, 2021","https://www.alomoves.com/series/glow-getter/workouts/10747
https://www.alomoves.com/series/grounding-flexibility-flow/workouts/12814","Y
Y","v challenging not my style
fantastic chill 30min stretchies flow"
"September 27, 2021","https://www.alomoves.com/series/handstand-flow/workouts/9669
8x sun salutation free flow w/ stretches and inversions",,
"September 28, 2021",https://www.alomoves.com/series/discover-your-splits/workouts/11761,Y,<< v challenging side plank and hip opening flow — this is tough for me in a way i need
"September 29, 2021","https://www.alomoves.com/series/power-and-chill-yoga/workouts/12224

https://www.alomoves.com/series/yoga-for-athletes/workouts/11192",,"today i learned
i should be doing middle splits overhead side reaches to each side every morning

i should be doing slow on leg balanced circular hip articulation mobility work daily"
"September 30, 2021",https://www.alomoves.com/series/handstand-flow/workouts/9669,,
"October 1, 2021",1x sun salutation,,
"October 2, 2021",1x sun salutation,,
"October 3, 2021","8x sun salutation free flow w/ stretches, inversions, headstand
https://www.alomoves.com/series/beyond-flexibility/workouts/11450",,
"October 4, 2021",1x sun salutation,,
"October 5, 2021","try a lil ashtanga
https://www.alomoves.com/series/ashtanga-step-by-step/workouts/11105

https://www.alomoves.com/series/ashtanga-step-by-step/workouts/11109",Y,<< fantastic simple basics beginning of standing series
"October 6, 2021",https://www.alomoves.com/series/around-the-world/workouts/9809,Y,<< solid beginner 60 min stretchy flow
"October 7, 2021","2x sun salutation As
2x sun salutation Bs
https://www.alomoves.com/series/seven/workouts/10287",Y,<< another solid 60min pat flow: hips and strength
"October 8, 2021","8x sun salutation free flow w/ stretching, inversions, headstand",,
"October 9, 2021",2x sun salutations,,
"October 10, 2021",1x sun salutation,,
"October 11, 2021","2x sun salutations, stretchies free flow
2x sun salutations
https://www.youtube.com/watch?v=Ho9em79_0qg",,
"October 12, 2021","wakeup loosening free flow
https://www.youtube.com/watch?v=eBdfCX5XnX4",,
"October 13, 2021","12x sun salutation free flow w/ stretches, inversions, headstands
8x sun salutation free flow w/ stretches, inversions",,
"October 14, 2021","8x sun salutation free flow w/ stretches, inversions, headstands
4x sun salutation free flow w/ stretches, inversions, headstands",,
"October 15, 2021","4x sun salutation free flow w/ stretches, inversions",,
"October 16, 2021","8x sun salutation free flow w/ stretches, inversions, headstands",,
"October 17, 2021","16x sun salutation free flow w/ stretches, inversions, headstands",,
"October 18, 2021","8x sun salutation free flow w/ stretches, inversions, headstands",,
"October 19, 2021","4x sun salutations
https://www.alomoves.com/series/flow-state/workouts/11609",,
"October 20, 2021",light stretching,,
"October 21, 2021",8x sun salutation free flow,,
"October 22, 2021",light stretching,,
"October 23, 2021",8x sun salutation free flow,,
"October 24, 2021",8x sun salutation free flow,,
"October 25, 2021",light stretching,,
"October 26, 2021",Irene’s modified core power class,,
"October 27, 2021","12x sun salutation free flow w/ stretching, inversions",,
"October 28, 2021",light stretching,,
"October 29, 2021",8x sun salutation free flow w/ headstand,,
"October 30, 2021",https://www.alomoves.com/series/movement-therapy/workouts/9715,Y,<<yoooo dope dylan mobility flow. fast and fun. 20mins
"October 31, 2021","4x sun salutation As, 4x sun salutation Bs",,
"November 1, 2021","2x sun salutation As, 2x sun salutation Bs, stretching, inversions, headstand free flow
https://www.alomoves.com/series/beginner-flow-foundations/workouts/11014
https://www.alomoves.com/series/go-with-the-flow/workouts/9540",Y,"<< not sexy, but challenging in the right ways for me"
"November 2, 2021","8x sun salutation free flow w/ inversions, stretches, handstand
https://www.alomoves.com/series/alo-in-the-wild-red-rocks/workouts/12564

https://www.alomoves.com/series/shoulder-release/workouts/13002",,
"November 3, 2021","2x sun salutations
https://www.alomoves.com/series/movement-therapy/workouts/9715",,
"November 4, 2021","https://www.alomoves.com/series/movement-therapy/workouts/9715
https://www.alomoves.com/series/yoga-strength-basics-for-beginners/workouts/4430",,
"November 5, 2021",2x sun salutations,,
"November 6, 2021",static stretches,,
"November 7, 2021",2x sun salutations,,
"November 8, 2021","8x sun salutations
https://www.alomoves.com/series/hip-mobility-flow/workouts/11051",,
"November 9, 2021",8x sun salutation free flow,,
"November 10, 2021",8x sun salutation free flow,,
"November 11, 2021",2x sun salutations,,
"November 12, 2021",8x sun salutation free flow,,
"November 13, 2021",8x sun salutation free flow,,
"November 14, 2021",12x sun salutation free flow,,
"November 15, 2021",12x sun salutation free flow,,
"November 16, 2021","4x sun salutation free flow
45 mins seated hip & hamstring stretches",,
"November 17, 2021",12x sun salutation free flow,,
"November 18, 2021",https://www.alomoves.com/series/unwind-lucid-spine-restorative-yoga/workouts/13175,,
"November 19, 2021",static stretches,,
"November 20, 2021",static stretches,,
"November 21, 2021",,,
"November 22, 2021",,,
"November 23, 2021",,,
"November 24, 2021",,,
"November 25, 2021",,,
"November 26, 2021",,,
"November 27, 2021",static stretches,,
"November 28, 2021",static stretches,,
"November 29, 2021",1x sun salutation,,
"November 30, 2021","https://www.alomoves.com/series/standing-sun-salutation/workouts/11663
https://www.alomoves.com/series/standing-sun-salutation/workouts/11663",Y,solid simple no arms sunnies flow
"December 1, 2021",https://www.alomoves.com/series/standing-sun-salutation/workouts/11663,,
"December 2, 2021","hands free free flow
https://www.alomoves.com/series/standing-sun-salutation/workouts/11663",,
"December 3, 2021",,,
"December 4, 2021",,,
"December 5, 2021",1x hands free sun salutation,,
"December 6, 2021",4x hands free sun salutations + 4x awakening yoga sun salutations,,
"December 7, 2021",no hands sun salutation + awakening yoga free flow,,
"December 8, 2021",https://www.alomoves.com/series/awaken/workouts/10551,Y,"solid, simple no arms quiet and slow exploration with a weird teacher lady"
"December 9, 2021","https://www.alomoves.com/series/morning-sunrise/workouts/11969
https://www.alomoves.com/series/hands-free-stability-power/workouts/12005
no hands free flow",Y,dope dope dope hands free stability and power. quick and simple and fun 1 leg squat and balance sequences
"December 10, 2021",no hands free flow,,
"December 11, 2021",,,
"December 12, 2021",,,
"December 13, 2021",no hands free flow,,
"December 14, 2021",https://www.alomoves.com/series/hands-free-yoga/workouts/12341,Y,"solid, simple hands free. not much of a flow but a lot of good postures"
"December 15, 2021",https://www.alomoves.com/series/post-gym-yoga/workouts/11137,Y,"quiet, hands free stretches"
"December 16, 2021",,,
"December 17, 2021",,,
"December 18, 2021",,,
"December 19, 2021",,,
"December 20, 2021","https://www.alomoves.com/series/standing-sun-salutation/workouts/11663
https://www.alomoves.com/series/awaken-your-practice/workouts/11807",Y,
"December 21, 2021",108 hands free sun salutations w/ balance poses,,
"December 22, 2021",https://www.alomoves.com/series/seven/workouts/10295,Y,bruh such a fun hands free balance flow
"December 23, 2021","no hands sun salutation free flow
https://www.alomoves.com/series/classic-hip-openers/workouts/8893",,
"December 24, 2021",,,
"December 25, 2021",,,
"December 26, 2021",,,
"December 27, 2021",,,
"December 28, 2021",60 min heated vinyasa flow @ love yoga whitefish,,live in person class at love yoga in whitefish montana
"December 29, 2021",https://www.alomoves.com/series/classic-26/workouts/11149,Y,bikram kinda flow
"December 30, 2021","60 min heated vinyasa flow @ love yoga whitefish
60 min heated vinyasa flow @ love yoga whitefish",,
"December 31, 2021","60 min heated vinyasa flow @ love yoga whitefish
60 min heated buti flow @ love yoga whitefish",,